follow,lastest_chap,name,url
3765 lượt theo dõi,Tập mới nhất: 3,Hậu Cung Như Ý Truyện,https://www.fahasa.com/series-hau-cung-nhu-y-truyen.html
3779 lượt theo dõi,Tập mới nhất: 3,Ai Dám Bảo ROM-COM Không Có Ngoài Đời Thực?,https://www.fahasa.com/series-ai-dam-bao-rom-com-khong-co-ngoai-doi-thuc.html
3769 lượt theo dõi,Tập mới nhất: 4,"Phương Pháp ""Đào Tạo"" Nữ Chính Nhạt Nhòa",https://www.fahasa.com/series-phuong-phap-dao-tao-nu-chinh-nhat-nhoa.html
3797 lượt theo dõi,Tập mới nhất: 5,Chào Mừng Đến Lớp Học Đề Cao Thực Lực,https://www.fahasa.com/series-chao-mung-den-lop-hoc-de-cao-thuc-luc.html
3782 lượt theo dõi,Tập mới nhất: 3,Tập Tỏ Tình,https://www.fahasa.com/series-tap-to-tinh.html
3774 lượt theo dõi,Tập mới nhất: 2,Đã Bảo Là Cho Tôi Năng Lực Trung Bình Thôi Mà!,https://www.fahasa.com/series-da-bao-la-cho-toi-nang-luc-trung-binh-thoi-ma.html
3776 lượt theo dõi,Tập mới nhất: 3,Anh Hùng Diệt Thần & Bảy Thệ Ước,https://www.fahasa.com/series-anh-hung-diet-than-bay-the-uoc.html
3794 lượt theo dõi,Tập mới nhất: 7,Thế Giới Otome Game Thật Khắc Nghiệt Với Nhân Vật Quần Chúng,https://www.fahasa.com/series-the-gioi-otome-game-that-khac-nghiet-voi-nhan-vat-quan-chung.html
3782 lượt theo dõi,Tập mới nhất: 11,Liệu Có Sai Lầm Khi Tìm Kiếm Cuộc Gặp Gỡ Định Mệnh Trong Dungeo,https://www.fahasa.com/series-lieu-co-sai-lam-khi-tim-kiem-cuoc-gap-go-dinh-menh-trong-dungeo.html
3764 lượt theo dõi,Tập mới nhất: 2,Sáu Người Đi Khắp Thế Gian,https://www.fahasa.com/series-sau-nguoi-di-khap-the-gian.html
3785 lượt theo dõi,Tập mới nhất: 3,Dã Ngoại Nơi Mặt Sau Của Thế Giới,https://www.fahasa.com/series-da-ngoai-noi-mat-sau-cua-the-gioi.html
3787 lượt theo dõi,Tập mới nhất: 13,Hành Trình Của Elaina,https://www.fahasa.com/series-hanh-trinh-cua-elaina.html
4222 lượt theo dõi,Tập mới nhất: 6,Thiên Sứ Nhà Bên,https://www.fahasa.com/series-thien-su-nha-ben.html
3768 lượt theo dõi,Tập mới nhất: 15,Re:zero - Bắt Đầu Lại Ở Thế Giới Khác,https://www.fahasa.com/series-re-zero-bat-dau-lai-o-the-gioi-khac.html
3814 lượt theo dõi,Tập mới nhất: 5,Nhân Vật Hạ Cấp Tomozaki,https://www.fahasa.com/series-nhan-vat-ha-cap-tomozaki.html
3774 lượt theo dõi,Tập mới nhất: 4,Ma Pháp Thiếu Nữ,https://www.fahasa.com/series-ma-phap-thieu-nu.html
3787 lượt theo dõi,Tập mới nhất: 7,Công Việc Của Long Vương,https://www.fahasa.com/series-cong-viec-cua-long-vuong.html
3779 lượt theo dõi,Tập mới nhất: 25,Sword Art Online,https://www.fahasa.com/series-sword-art-online.html
3782 lượt theo dõi,Tập mới nhất: 4,Bộ Sách Bàn Tròn Trí Mạng,https://www.fahasa.com/series-bo-sach-ban-tron-tri-mang.html
4418 lượt theo dõi,Tập mới nhất: 3,Arya Bàn Bên Thỉnh Thoảng Lại Trêu Ghẹo Tôi Bằng Tiếng Nga,https://www.fahasa.com/series-arya-ban-ben-thinh-thoang-lai-treu-gheo-toi-bang-tieng-nga.html
0 lượt theo dõi,Tập mới nhất: 3,Đợi Khi Tôi Có Tội,https://www.fahasa.com/series-doi-khi-toi-co-toi.html
3835 lượt theo dõi,Tập mới nhất: 2,Chưa Kịp Lớn Đã Phải Trưởng Thành,https://www.fahasa.com/series-chua-kip-lon-da-phai-truong-thanh.html
3784 lượt theo dõi,Tập mới nhất: 5,Hồ Sơ Tâm Lí Tội Phạm,https://www.fahasa.com/series-ho-so-tam-li-toi-pham.html
3864 lượt theo dõi,Tập mới nhất: 3,Về Chuyện Tôi Chuyển Sinh Thành Slime,https://www.fahasa.com/series-ve-chuyen-toi-chuyen-sinh-thanh-slime.html
3766 lượt theo dõi,Tập mới nhất: 2,Vượt Qua Thời Không Để Yêu Anh,https://www.fahasa.com/series-vuot-qua-thoi-khong-de-yeu-anh.html
0 lượt theo dõi,Tập mới nhất: 2,"Gửi Anh, Người Luôn Đến Muộn",https://www.fahasa.com/series-gui-anh-nguoi-luon-den-muon.html
3764 lượt theo dõi,Tập mới nhất: 2,Bác Sĩ Cuối Cùng Dưới Bầu Trời Sau Cơn Mưa,https://www.fahasa.com/series-bac-si-cuoi-cung-duoi-bau-troi-sau-con-mua.html
3856 lượt theo dõi,Tập mới nhất: 2,Khó Dỗ Dành,https://www.fahasa.com/series-kho-do-danh.html
3781 lượt theo dõi,Tập mới nhất: 7,Chủ Tiệm Bánh Chiến Binh Và Cô Phục Vụ Người Máy,https://www.fahasa.com/series-chu-tiem-banh-chien-binh-va-co-phuc-vu-nguoi-may.html
3764 lượt theo dõi,Tập mới nhất: 2,Những Cuộc Phiêu Lưu Của Giáo Sư Challenger,https://www.fahasa.com/series-nhung-cuoc-phieu-luu-cua-giao-su-challenger.html
3780 lượt theo dõi,Tập mới nhất: 2,Hồ Sơ Tâm Lý Phạm Tội,https://www.fahasa.com/series-ho-so-tam-ly-pham-toi.html
3780 lượt theo dõi,Tập mới nhất: 2,Hồ Sơ Tâm Lý Phạm Tội,https://www.fahasa.com/series-ho-so-tam-ly-pham-toi.html
3836 lượt theo dõi,Tập mới nhất: 14.5,Chuyện Tình Thanh Xuân Bi Hài Của Tôi Quả Nhiên Là Sai Lầm,https://www.fahasa.com/series-chuyen-tinh-thanh-xuan-bi-hai-cua-toi-qua-nhien-la-sai-lam.html
3785 lượt theo dõi,Tập mới nhất: 14,Date A Live,https://www.fahasa.com/series-date-a-live.html
3764 lượt theo dõi,Tập mới nhất: 3,Bá Tước Monte Cristo,https://www.fahasa.com/series-ba-tuoc-monte-cristo.html
0 lượt theo dõi,Tập mới nhất: 2,Thiên Địa Phong Trần,https://www.fahasa.com/series-thien-dia-phong-tran.html
3795 lượt theo dõi,Tập mới nhất: 4,Infinite Dendrogram,https://www.fahasa.com/series-infinite-dendrogram.html
3788 lượt theo dõi,Tập mới nhất: 2,Okitegami Kyoko,https://www.fahasa.com/series-okitegami-kyoko.html
3804 lượt theo dõi,Tập mới nhất: 4,COP CRAFT,https://www.fahasa.com/series-cop-craft.html
3777 lượt theo dõi,Tập mới nhất: 2,Ngụy Chứng Của Solomon,https://www.fahasa.com/series-nguy-chung-cua-solomon.html
3770 lượt theo dõi,Tập mới nhất: 4,Trúc Thư Dao,https://www.fahasa.com/series-truc-thu-dao.html
3771 lượt theo dõi,Tập mới nhất: 2,Dạ Hành Thực Lục,https://www.fahasa.com/series-da-hanh-thuc-luc.html
3790 lượt theo dõi,Tập mới nhất: 9,Holmes Ở Kyoto,https://www.fahasa.com/series-holmes-o-kyoto.html
3769 lượt theo dõi,Tập mới nhất: 60,Tứ Quái TKKG,https://www.fahasa.com/series-tu-quai-tkkg.html
3765 lượt theo dõi,Tập mới nhất: 3,Sherlock Holmes,https://www.fahasa.com/series-sherlock-holmes.html
3926 lượt theo dõi,Tập mới nhất: 3,Chitose Trong Chai Ramune,https://www.fahasa.com/series-chitose-trong-chai-ramune.html
3786 lượt theo dõi,Tập mới nhất: 6,Thám Tử Đã Chết,https://www.fahasa.com/series-tham-tu-da-chet-395583.html
3853 lượt theo dõi,Tập mới nhất: 6,Thám Tử Đã Chết,https://www.fahasa.com/series-tham-tu-da-chet.html
3827 lượt theo dõi,Tập mới nhất: 6,SPY ROOM - Lớp Học Điệp Viên,https://www.fahasa.com/series-spy-room-lop-hoc-diep-vien.html
3770 lượt theo dõi,Tập mới nhất: 2,Tội Ác Liên Hoàn,https://www.fahasa.com/series-toi-ac-lien-hoan.html
3784 lượt theo dõi,Tập mới nhất: 2,Xuyên Thành Phản Diện Biết Sống Sao Đây?,https://www.fahasa.com/series-xuyen-thanh-phan-dien-biet-song-sao-day.html
3808 lượt theo dõi,Tập mới nhất: 8,Xuyên Thành Phản Diện Biết Sống Sao Đây?,https://www.fahasa.com/series-xuyen-thanh-phan-dien-biet-song-sao-day-424782.html
3785 lượt theo dõi,Tập mới nhất: 2,101 Truyện Cười Nghề Nghiệp,https://www.fahasa.com/series-101-truyen-cuoi-nghe-nghiep.html
3777 lượt theo dõi,Tập mới nhất: 3,Hành Trình Trở Thành Nhà Thám Hiểm Của Chàng Lính Đánh Thuê Bần Hàn,https://www.fahasa.com/series-hanh-trinh-tro-thanh-nha-tham-hiem-cua-chang-linh-danh-thue-ban-han.html
3823 lượt theo dõi,Tập mới nhất: 3,Hành Trình Trở Thành Nhà Thám Hiểm Của Chàng Lính Đánh Thuê Bần Hàn,https://www.fahasa.com/series-hanh-trinh-tro-thanh-nha-tham-hiem-cua-chang-linh-danh-thue-ban-han-424784.html
3809 lượt theo dõi,Tập mới nhất: 4,Tanya Chiến Ký,https://www.fahasa.com/series-tanya-chien-ky.html
3771 lượt theo dõi,Tập mới nhất: 2,Nước Non Vạn Dặm,https://www.fahasa.com/series-nuoc-non-van-dam.html
3773 lượt theo dõi,Tập mới nhất: 4,Lời Nói Đùa,https://www.fahasa.com/series-loi-noi-dua.html
3766 lượt theo dõi,Tập mới nhất: 2,Silo Tháp Giống,https://www.fahasa.com/series-ca-truc-silo-thap-giong.html
3764 lượt theo dõi,Tập mới nhất: 3,Bộ Anh Hùng Lĩnh Nam,https://www.fahasa.com/series-bo-anh-hung-linh-nam.html
4090 lượt theo dõi,Tập mới nhất: 2,Vợ Trong Game Của Tôi Là Idol Nổi Tiếng Ngoài Đời,https://www.fahasa.com/series-vo-trong-game-cua-toi-la-idol-noi-tieng-ngoai-doi.html
3793 lượt theo dõi,Tập mới nhất: 6,"[Manga] Diệt Slime Suốt 300 Năm, Tôi Levelmax Lúc Nào Chẳng Hay",https://www.fahasa.com/series-manga-diet-slime-suot-300-nam-toi-levelmax-luc-nao-chang-hay.html
3764 lượt theo dõi,Tập mới nhất: 2,Trí Hoán Hung Đồ,https://www.fahasa.com/series-tri-hoan-hung-do.html
3764 lượt theo dõi,Tập mới nhất: 3,Tổng Tập Văn Học Dân Gian Nam Bộ,https://www.fahasa.com/series-tong-tap-van-hoc-dan-gian-nam-bo.html
3800 lượt theo dõi,Tập mới nhất: 2,Người Ai Cập - Quyền Lực Và Tình Yêu,https://www.fahasa.com/series-nguoi-ai-cap-quyen-luc-va-tinh-yeu.html
3770 lượt theo dõi,Tập mới nhất: 7,Explorer Academy - Học viện Viễn Thám,https://www.fahasa.com/series-explorer-academy-hoc-vien-vien-tham.html
3764 lượt theo dõi,Tập mới nhất: 2,Đêm Nay Có Rượu,https://www.fahasa.com/series-dem-nay-co-ruou.html
3783 lượt theo dõi,Tập mới nhất: 5,Làm Bạn Thân Có Khó Không,https://www.fahasa.com/series-lam-ban-than-co-kho-khong.html
0 lượt theo dõi,Tập mới nhất: 2,Văn Học Dân Gian Bến Tre,https://www.fahasa.com/series-van-hoc-dan-gian-ben-tre.html
3815 lượt theo dõi,Tập mới nhất: 4,Đao Ngữ,https://www.fahasa.com/series-dao-ngu.html
3841 lượt theo dõi,Tập mới nhất: 3,BAKEMONOGATARI,https://www.fahasa.com/series-bakemonogatari-419590.html
3770 lượt theo dõi,Tập mới nhất: 2,Linh Hồn Khách Trạm,https://www.fahasa.com/series-linh-hon-khach-tram.html
3770 lượt theo dõi,Tập mới nhất: 2,Hà Thành Hương Xưa Vị Cũ,https://www.fahasa.com/series-ha-thanh-huong-xua-vi-cu.html
3764 lượt theo dõi,Tập mới nhất: 2,Chuyện Cũ Hà Nội,https://www.fahasa.com/series-chuyen-cu-ha-noi.html
3778 lượt theo dõi,Tập mới nhất: 9,Kẻ Dị Biệt Tại Trường Học Phép Thuật,https://www.fahasa.com/series-ke-di-biet-tai-truong-hoc-phep-thuat.html
3782 lượt theo dõi,Tập mới nhất: 8,Sword Art Online Progressive,https://www.fahasa.com/series-sword-art-online-progressive.html
3818 lượt theo dõi,Tập mới nhất: 2,Cô Nàng Otaku Nhà Tôi,https://www.fahasa.com/series-co-nang-otaku-nha-toi.html
4149 lượt theo dõi,Tập mới nhất: 2,Hôn Nhân Hạnh Phúc Của Tôi (Light-Novel),https://www.fahasa.com/series-hon-nhan-hanh-phuc-cua-toi-light-novel.html
3772 lượt theo dõi,Tập mới nhất: 3,Tinh Linh Huyễn Tưởng Ký,https://www.fahasa.com/series-tinh-linh-huyen-tuong-ky.html
3766 lượt theo dõi,Tập mới nhất: 3,Chuyện Người Hà Nội,https://www.fahasa.com/series-chuyen-nguoi-ha-noi.html
3771 lượt theo dõi,Tập mới nhất: 4,Chỉ Mình Tôi Thăng Cấp - Solo Leveling,https://www.fahasa.com/series-chi-minh-toi-thang-cap-solo-leveling.html
3763 lượt theo dõi,Tập mới nhất: 3,Thiên Cầu Ma Thuật,https://www.fahasa.com/series-thien-cau-ma-thuat.html
3779 lượt theo dõi,Tập mới nhất: 4,Hiệp Sĩ Xương Trên Đường Du Hành Đến Thế Giới Khác,https://www.fahasa.com/series-hiep-si-xuong-tren-duong-du-hanh-den-the-gioi-khac.html
3765 lượt theo dõi,Tập mới nhất: 3,Bán Tinh,https://www.fahasa.com/series-ban-tinh.html
3763 lượt theo dõi,Tập mới nhất: 5,Rong Chơi Miền Chữ Nghĩa,https://www.fahasa.com/series-rong-choi-mien-chu-nghia.html
3768 lượt theo dõi,Tập mới nhất: 4,Chuông Gió,https://www.fahasa.com/series-chuong-gio.html
3765 lượt theo dõi,Tập mới nhất: 2,Sát Nhân Liên Hoàn Kế,https://www.fahasa.com/series-sat-nhan-lien-hoan-ke.html
3766 lượt theo dõi,Tập mới nhất: 2,Don Quixote - Nhà Quý Tộc Tài Ba Xứ Mancha,https://www.fahasa.com/series-don-quixote-nha-quy-toc-tai-ba-xu-mancha.html
0 lượt theo dõi,Tập mới nhất: 13,Thế Cục Quỷ Cốc Tử,https://www.fahasa.com/series-the-cuc-quy-coc-tu.html
3788 lượt theo dõi,Tập mới nhất: 4,Husky Và Sư Tôn Mèo Trắng Của Hắn,https://www.fahasa.com/series-husky-va-su-ton-meo-trang-cua-han.html
3818 lượt theo dõi,Tập mới nhất: 6,Vì Con Gái Tôi Có Thể Đánh Bại Cả Ma Vương,https://www.fahasa.com/series-vi-con-gai-toi-co-the-danh-bai-ca-ma-vuong-362739.html
3812 lượt theo dõi,Tập mới nhất: 14,Grimgar - Ảo Ảnh Và Tro Tàn,https://www.fahasa.com/series-grimgar-ao-anh-va-tro-tan.html
3768 lượt theo dõi,Tập mới nhất: 4,Bảy Thanh Hung Giản,https://www.fahasa.com/series-bay-thanh-hung-gian.html
3781 lượt theo dõi,Tập mới nhất: 3,Vạn Dặm Tìm Chồng,https://www.fahasa.com/series-van-dam-tim-chong.html
3788 lượt theo dõi,Tập mới nhất: 2,Tôi Yêu Nữ Phản Diện,https://www.fahasa.com/series-toi-yeu-nu-phan-dien.html
0 lượt theo dõi,Tập mới nhất: 6,Dorothy Và Xứ Oz Diệu Kỳ,https://www.fahasa.com/series-dorothy-va-xu-oz-dieu-ky.html
3779 lượt theo dõi,Tập mới nhất: 11,Hiệp Sĩ Lưu Ban,https://www.fahasa.com/series-hiep-si-luu-ban.html
3783 lượt theo dõi,Tập mới nhất: 3,Kỳ Nghỉ Dưỡng Của Chàng Quý Tộc Ôn Hòa,https://www.fahasa.com/series-ky-nghi-duong-cua-chang-quy-toc-on-hoa-424781.html
3839 lượt theo dõi,Tập mới nhất: 3,Kỳ Nghỉ Dưỡng Của Chàng Quý Tộc Ôn Hòa,https://www.fahasa.com/series-ky-nghi-duong-cua-chang-quy-toc-on-hoa.html
3770 lượt theo dõi,Tập mới nhất: 6,Percy Jackson Và Các Vị Thần Trên Đỉnh Olympus,https://www.fahasa.com/series-percy-jackson-va-cac-vi-than-tren-dinh-olympus.html
3772 lượt theo dõi,Tập mới nhất: 2,Biên Niên Sử Còn Sót Lại,https://www.fahasa.com/series-bien-nien-su-con-sot-lai.html
3772 lượt theo dõi,Tập mới nhất: 3,Thuần Thú Sư Ở Dị Giới,https://www.fahasa.com/series-thuan-thu-su-o-di-gioi.html
3764 lượt theo dõi,Tập mới nhất: 3,Magnus Chase Và Các Vị Thần Của Asgard,https://www.fahasa.com/series-magnus-chase-va-cac-vi-than-cua-asgard.html
3769 lượt theo dõi,Tập mới nhất: 3,Công Cuộc Tái Thiết Vương Quốc Của Anh Hùng Chủ Nghĩa Hiện Thực,https://www.fahasa.com/series-cong-cuoc-tai-thiet-vuong-quoc-cua-anh-hung-chu-nghia-hien-thuc.html
3887 lượt theo dõi,Tập mới nhất: 4,"Bị Đuổi Khỏi Nhóm Anh Hùng, Tôi Muốn Sống Tự Do Tự Tại Ở Vương Đô",https://www.fahasa.com/series-bi-duoi-khoi-nhom-anh-hung-toi-muon-song-tu-do-tu-tai-o-vuong-do.html
3773 lượt theo dõi,Tập mới nhất: 3,Chuyên Gia Pháp Y,https://www.fahasa.com/series-chuyen-gia-phap-y.html
3764 lượt theo dõi,Tập mới nhất: 3,Như Cây Phong Ba Trên Đảo Hoàng Sa,https://www.fahasa.com/series-nhu-cay-phong-ba-tren-dao-hoang-sa.html
3781 lượt theo dõi,Tập mới nhất: 3,Hoàng Tử Thiên Tài - Hành Trình Gây Dựng Lại Đất Nước Đang Lâm Nguy,https://www.fahasa.com/series-hoang-tu-thien-tai-hanh-trinh-gay-dung-lai-dat-nuoc-dang-lam-nguy.html
3763 lượt theo dõi,Tập mới nhất: 3,Trường An Ly Ca,https://www.fahasa.com/series-truong-an-ly-ca.html
3769 lượt theo dõi,Tập mới nhất: 2,Ước Hẹn Phù Hoa,https://www.fahasa.com/series-uoc-hen-phu-hoa.html
3781 lượt theo dõi,Tập mới nhất: 10,Sakurako Và Bộ Xương Dưới Gốc Anh Đào,https://www.fahasa.com/series-sakurako-va-bo-xuong-duoi-goc-anh-dao.html
3767 lượt theo dõi,Tập mới nhất: 3,Truyện Tranh - Kinh Pháp Hoa,https://www.fahasa.com/series-truyen-tranh-kinh-phap-hoa.html
3770 lượt theo dõi,Tập mới nhất: 3,Truyện Tranh Đức Phạt Thích Ca - Từ Xuất Gia Đến Hành Đạo,https://www.fahasa.com/series-truyen-tranh-duc-phat-thich-ca-tu-xuat-gia-den-hanh-dao.html
3764 lượt theo dõi,Tập mới nhất: 3,Thần Bí Xã,https://www.fahasa.com/series-than-bi-xa.html
3774 lượt theo dõi,Tập mới nhất: 5,World Teacher,https://www.fahasa.com/series-world-teacher.html
3769 lượt theo dõi,Tập mới nhất: 9,Gosick,https://www.fahasa.com/series-gosick.html
3769 lượt theo dõi,Tập mới nhất: 2,Kiếm Hồn Như Sơ,https://www.fahasa.com/series-kiem-hon-nhu-so.html
3766 lượt theo dõi,Tập mới nhất: 6,Loạn 12 Sứ Quân,https://www.fahasa.com/series-loan-12-su-quan.html
3782 lượt theo dõi,Tập mới nhất: 2,Bí Mật Thượng Đẳng,https://www.fahasa.com/series-bi-mat-thuong-dang.html
3766 lượt theo dõi,Tập mới nhất: 4,Chiếc Hộp Rỗng Và Maria Lần 0,https://www.fahasa.com/series-chiec-hop-rong-va-maria-lan-0.html
3776 lượt theo dõi,Tập mới nhất: 2,Lạc Chốn Phù Hoa,https://www.fahasa.com/series-lac-chon-phu-hoa.html
3790 lượt theo dõi,Tập mới nhất: 17,Sói & Gia Vị,https://www.fahasa.com/series-soi-gia-vi.html
3766 lượt theo dõi,Tập mới nhất: 4,Người Gác Đêm,https://www.fahasa.com/series-nguoi-gac-dem.html
3769 lượt theo dõi,Tập mới nhất: 2,IT - Gã Hề Ma Quái,https://www.fahasa.com/series-it-ga-he-ma-quai.html
3777 lượt theo dõi,Tập mới nhất: 8,Ma Vương Kiến Tạo - Hầm Ngục Kiên Cố Nhất Chính Là Thành Phố Hiện Đại,https://www.fahasa.com/series-ma-vuong-kien-tao-ham-nguc-kien-co-nhat-chinh-la-thanh-pho-hien-dai.html
3780 lượt theo dõi,Tập mới nhất: 12.5,"Lũ Ngốc, Bài Thi và Linh Thú Triệu Hồi",https://www.fahasa.com/series-lu-ngoc-bai-thi-va-linh-thu-trieu-hoi.html
3777 lượt theo dõi,Tập mới nhất: 2,Việt Nam Dọc Miền Du Ký,https://www.fahasa.com/series-viet-nam-doc-mien-du-ky.html
3788 lượt theo dõi,Tập mới nhất: 2,Khách Sạn Mặt Nạ,https://www.fahasa.com/series-khach-san-mat-na.html
3776 lượt theo dõi,Tập mới nhất: 9,Biên Niên Sử Đế Chế Alexis - Kiêu Hùng Rung Chuyển Đất Trời,https://www.fahasa.com/series-bien-nien-su-de-che-alexis-kieu-hung-rung-chuyen-dat-troi.html
3920 lượt theo dõi,Tập mới nhất: 10,999 Lá Thư Gửi Cho Chính Mình - Mong Bạn Trở Thành Phiên Bản Hoàn Hảo Nhất,https://www.fahasa.com/series-999-la-thu-gui-cho-chinh-minh-mong-ban-tro-thanh-phien-ban-hoan-hao-nhat.html
3779 lượt theo dõi,Tập mới nhất: 3,"Chuyển Sinh Làm Người Sói, Tôi Trở Thành Cánh Tay Phải Của Ma Vương",https://www.fahasa.com/series-chuyen-sinh-lam-nguoi-soi-toi-tro-thanh-canh-tay-phai-cua-ma-vuong.html
3773 lượt theo dõi,Tập mới nhất: 2,Phong Ma Yến Tước,https://www.fahasa.com/series-phong-ma-yen-tuoc.html
3791 lượt theo dõi,Tập mới nhất: 4,Ma Đạo Tổ Sư,https://www.fahasa.com/series-ma-dao-to-su.html
3782 lượt theo dõi,Tập mới nhất: 10,Khi Hikaru Còn Trên Thế Gian Này……,https://www.fahasa.com/series-khi-hikaru-con-tren-the-gian-nay.html
3798 lượt theo dõi,Tập mới nhất: 10,Pendragon,https://www.fahasa.com/series-pendragon.html
3783 lượt theo dõi,Tập mới nhất: 2,Tuyển Tập Akutagawa,https://www.fahasa.com/series-tuyen-tap-akutagawa.html
3766 lượt theo dõi,Tập mới nhất: 8,Artemis Fowl,https://www.fahasa.com/series-artemis-fowl.html
3766 lượt theo dõi,Tập mới nhất: 3,Nguyệt Đạo Dị Giới,https://www.fahasa.com/series-nguyet-dao-di-gioi.html
3773 lượt theo dõi,Tập mới nhất: 2,Sói Và Dương Cầm,https://www.fahasa.com/series-soi-va-duong-cam.html
3826 lượt theo dõi,Tập mới nhất: 3,Vì Em Không Xứng,https://www.fahasa.com/series-vi-em-khong-xung.html
3764 lượt theo dõi,Tập mới nhất: 3,Âm Dương Sư,https://www.fahasa.com/series-am-duong-su.html
3776 lượt theo dõi,Tập mới nhất: 2,Tục ngữ - Ca dao - Dân ca Việt Nam,https://www.fahasa.com/series-tuc-ngu-ca-dao-dan-ca-viet-nam.html
3769 lượt theo dõi,Tập mới nhất: 2,David Copperfield,https://www.fahasa.com/series-david-copperfield.html
3888 lượt theo dõi,Tập mới nhất: 2,Loài Hoang Dã,https://www.fahasa.com/series-loai-hoang-da.html
3769 lượt theo dõi,Tập mới nhất: 2,Cuộc Phiêu Lưu Kỳ Bí,https://www.fahasa.com/series-cuoc-phieu-luu-ky-bi.html
3846 lượt theo dõi,Tập mới nhất: 5,Nữ Pháp Y,https://www.fahasa.com/series-nu-phap-y.html
3763 lượt theo dõi,Tập mới nhất: 10,Sài Gòn - Chuyện Đời Của Phố,https://www.fahasa.com/series-sai-gon-chuyen-doi-cua-pho.html
3775 lượt theo dõi,Tập mới nhất: 2,Hung Trạch,https://www.fahasa.com/series-hung-trach.html
4558 lượt theo dõi,Tập mới nhất: 5,Arifureta - Từ Tầm Thường Đến Bất Khả Chiến Bại,https://www.fahasa.com/series-arifureta-tu-tam-thuong-den-bat-kha-chien-bai.html
3883 lượt theo dõi,Tập mới nhất: 20,Ngũ Quái Sài Gòn,https://www.fahasa.com/series-ngu-quai-sai-gon.html
3825 lượt theo dõi,Tập mới nhất: 3,Trấn Hồn,https://www.fahasa.com/series-tran-hon.html
3764 lượt theo dõi,Tập mới nhất: 6,Vũ Khí Bóng Đêm,https://www.fahasa.com/series-vu-khi-bong-dem.html
3810 lượt theo dõi,Tập mới nhất: 2,Love Sick - Thanh Xuân Không Hối Tiếc,https://www.fahasa.com/series-love-sick-thanh-xuan-khong-hoi-tiec.html
3769 lượt theo dõi,Tập mới nhất: 2,Những Thử Thách Của Apollo,https://www.fahasa.com/series-nhung-thu-thach-cua-apollo.html
3900 lượt theo dõi,Tập mới nhất: 4,Chuyện Tình Thanh Xuân Bi Hài Của Tôi Quả Là Sai Lầm,https://www.fahasa.com/series-chuyen-tinh-thanh-xuan-bi-hai-cua-toi-qua-la-sai-lam.html
3777 lượt theo dõi,Tập mới nhất: 2,Cuốn Theo Chiều Gió - Bản Cao Cấp,https://www.fahasa.com/series-cuon-theo-chieu-gio-ban-cao-cap.html
3903 lượt theo dõi,Tập mới nhất: 5,Bạn Gái Vs. Bạn Thời Thơ Ấu,https://www.fahasa.com/series-ban-gai-vs-ban-thoi-tho-au.html
3889 lượt theo dõi,Tập mới nhất: 2,Lũ Trẻ Hư Nhất Quả Đất,https://www.fahasa.com/series-lu-tre-hu-nhat-qua-dat.html
3792 lượt theo dõi,Tập mới nhất: 2,Thể Xác Và Tâm Hồn,https://www.fahasa.com/series-the-xac-va-tam-hon.html
4083 lượt theo dõi,Tập mới nhất: 4,81 Án Tây Du,https://www.fahasa.com/series-81-an-tay-du.html
4008 lượt theo dõi,Tập mới nhất: 2,Toàn Chức Cao Thủ,https://www.fahasa.com/series-toan-chuc-cao-thu.html
3880 lượt theo dõi,Tập mới nhất: 2,Nhà Trọ Chim Hoàng Yến,https://www.fahasa.com/series-nha-tro-chim-hoang-yen.html
3791 lượt theo dõi,Tập mới nhất: 5,Các Vị Thần Của Đỉnh Olympus,https://www.fahasa.com/series-cac-vi-than-cua-dinh-olympus.html
3779 lượt theo dõi,Tập mới nhất: 2,Trò Lừa Xảo Quyệt,https://www.fahasa.com/series-tro-lua-xao-quyet.html
3765 lượt theo dõi,Tập mới nhất: 2,Văn Học Dân Gian Vĩnh Long,https://www.fahasa.com/series-van-hoc-dan-gian-vinh-long.html
3762 lượt theo dõi,Tập mới nhất: 2,Những Ông Bố Liều Mạng,https://www.fahasa.com/series-nhung-ong-bo-lieu-mang.html
3768 lượt theo dõi,Tập mới nhất: 2,Những Ông Bố Liều Mạng,https://www.fahasa.com/series-nhung-ong-bo-lieu-mang-393514.html
3766 lượt theo dõi,Tập mới nhất: 3,Công Tử Vô Sỉ,https://www.fahasa.com/series-cong-tu-vo-si.html
3768 lượt theo dõi,Tập mới nhất: 2,Khu Tập Thể Bờ Sông,https://www.fahasa.com/series-khu-tap-the-bo-song.html
3765 lượt theo dõi,Tập mới nhất: 2,Hương Gió Phương Nam,https://www.fahasa.com/series-huong-gio-phuong-nam.html
3766 lượt theo dõi,Tập mới nhất: 2,Đi Hoang Qua Miền Hoa Lệ,https://www.fahasa.com/series-di-hoang-qua-mien-hoa-le.html
5030 lượt theo dõi,Tập mới nhất: 8,Ẩn Tàng Thư Dantalian,https://www.fahasa.com/series-an-tang-thu-dantalian.html
5356 lượt theo dõi,Tập mới nhất: 6,Đến Thế Giới Mới Với Smartphone,https://www.fahasa.com/series-den-the-gioi-moi-voi-smartphone.html
3840 lượt theo dõi,Tập mới nhất: 2,Giết Chỉ Huy Đội Kỵ Sĩ,https://www.fahasa.com/series-giet-chi-huy-doi-ky-si.html
3831 lượt theo dõi,Tập mới nhất: 5,Bản Thông Báo Tử Vong,https://www.fahasa.com/series-ban-thong-bao-tu-vong.html
3834 lượt theo dõi,Tập mới nhất: 4,Bóng Tối Dưới Ánh Đèn,https://www.fahasa.com/series-bong-toi-duoi-anh-den.html
3864 lượt theo dõi,Tập mới nhất: 8,Mệnh Kỵ Sĩ,https://www.fahasa.com/series-menh-ky-si.html
3785 lượt theo dõi,Tập mới nhất: 2,Cửu Dung,https://www.fahasa.com/series-cuu-dung.html
3805 lượt theo dõi,Tập mới nhất: 2,Thú Ăn Chơi Người Hà Nội,https://www.fahasa.com/series-thu-an-choi-nguoi-ha-noi.html
3829 lượt theo dõi,Tập mới nhất: 3,Chiến Tranh Và Hòa Bình,https://www.fahasa.com/series-chien-tranh-va-hoa-binh.html
3839 lượt theo dõi,Tập mới nhất: 2,Méo,https://www.fahasa.com/series-meo.html
3935 lượt theo dõi,Tập mới nhất: 4,Sa Môn Không Hải,https://www.fahasa.com/series-sa-mon-khong-hai.html
3783 lượt theo dõi,Tập mới nhất: 2,Order Một Tình Yêu Cao Cấp,https://www.fahasa.com/series-order-mot-tinh-yeu-cao-cap.html
3783 lượt theo dõi,Tập mới nhất: 2,Order Một Tình Yêu Cao Cấp,https://www.fahasa.com/series-order-mot-tinh-yeu-cao-cap.html
3822 lượt theo dõi,Tập mới nhất: 4,Mộng Giới Oniria ,https://www.fahasa.com/series-mong-gioi-oniria.html
3786 lượt theo dõi,Tập mới nhất: 2,"Uống Nhầm Một Ánh Mắt, Cơn Say Theo Cả Đời",https://www.fahasa.com/series-uong-nham-mot-anh-mat-con-say-theo-ca-doi.html
3771 lượt theo dõi,Tập mới nhất: 2,Gulliver Du Ký,https://www.fahasa.com/series-gulliver-du-ky.html
3767 lượt theo dõi,Tập mới nhất: 2,Tình Sử Lorna Doone,https://www.fahasa.com/series-tinh-su-lorna-doone.html
3874 lượt theo dõi,Tập mới nhất: 5,Bí Mật Thành Paris,https://www.fahasa.com/series-bi-mat-thanh-paris.html
3939 lượt theo dõi,Tập mới nhất: 2,Bệnh Án Của Thần Linh,https://www.fahasa.com/series-benh-an-cua-than-linh.html
3777 lượt theo dõi,Tập mới nhất: 2,Mê Cung Nhện,https://www.fahasa.com/series-me-cung-nhen.html
3818 lượt theo dõi,Tập mới nhất: 2,Thiên Thần Bóng Tối,https://www.fahasa.com/series-thien-than-bong-toi.html
4455 lượt theo dõi,Tập mới nhất: 4,Re:Monster - Hồi Sinh Thành Quái Vật,https://www.fahasa.com/series-re-monster-hoi-sinh-thanh-quai-vat.html
5199 lượt theo dõi,Tập mới nhất: 13,Cuộc Chiến Siêu Nhiên Giữa Đời Thường,https://www.fahasa.com/series-cuoc-chien-sieu-nhien-giua-doi-thuong.html
3827 lượt theo dõi,Tập mới nhất: 4,Tiệm Sách Cơn Mưa ,https://www.fahasa.com/series-tiem-sach-con-mua.html
3766 lượt theo dõi,Tập mới nhất: 2,Phong Cảnh Bên Này,https://www.fahasa.com/series-phong-canh-ben-nay.html
4639 lượt theo dõi,Tập mới nhất: 5,"Tận Thế Nếu Không Bận, Anh Cứu Chúng Em Nhé?",https://www.fahasa.com/series-tan-the-neu-khong-ban-anh-cuu-chung-em-nhe.html
3788 lượt theo dõi,Tập mới nhất: 5,Văn Chương Sài Gòn 1881 - 1924,https://www.fahasa.com/series-van-chuong-sai-gon-1881-1924.html
3762 lượt theo dõi,Tập mới nhất: 2,Tam Quốc Sử Ký,https://www.fahasa.com/series-tam-quoc-su-ky.html
3765 lượt theo dõi,Tập mới nhất: 2,Tam Quốc Sử Ký,https://www.fahasa.com/series-tam-quoc-su-ky-383719.html
3768 lượt theo dõi,Tập mới nhất: 2,Sen Hồng Trong Bão Táp,https://www.fahasa.com/series-sen-hong-trong-bao-tap.html
3947 lượt theo dõi,Tập mới nhất: 8a,Đến Phủ Khai Phong Làm Nhân Viên Công Vụ,https://www.fahasa.com/series-den-phu-khai-phong-lam-nhan-vien-cong-vu.html
3797 lượt theo dõi,Tập mới nhất: 2,19 Năm Mưu Sát,https://www.fahasa.com/series-19-nam-muu-sat.html
5091 lượt theo dõi,Tập mới nhất: 8,Tiệm Sách Cũ Biblia,https://www.fahasa.com/series-tiem-sach-cu-biblia.html
4109 lượt theo dõi,Tập mới nhất: 6,Đọc Thầm,https://www.fahasa.com/series-doc-tham.html
3784 lượt theo dõi,Tập mới nhất: 2,So Young - Gửi Thanh Xuân,https://www.fahasa.com/series-so-young-gui-thanh-xuan.html
3812 lượt theo dõi,Tập mới nhất: 2,Bến Hồng Trần,https://www.fahasa.com/series-ben-hong-tran.html
3800 lượt theo dõi,Tập mới nhất: 2,Phục Thù,https://www.fahasa.com/series-phuc-thu.html
3978 lượt theo dõi,Tập mới nhất: 2,Hãy Nhắm Mắt Khi Anh Đến,https://www.fahasa.com/series-hay-nham-mat-khi-anh-den.html
3770 lượt theo dõi,Tập mới nhất: 2,Văn Học Dân Gian Tiền Giang,https://www.fahasa.com/series-van-hoc-dan-gian-tien-giang.html
4732 lượt theo dõi,Tập mới nhất: 4,Cấm Thư Ma Thuật Index,https://www.fahasa.com/series-cam-thu-ma-thuat-index.html
3972 lượt theo dõi,Tập mới nhất: 13,Animorphs - Người Hóa Thú,https://www.fahasa.com/series-animorphs-nguoi-hoa-thu.html
3779 lượt theo dõi,Tập mới nhất: 2,Cẩm Tú Kỳ Bào,https://www.fahasa.com/series-cam-tu-ky-bao.html
3997 lượt theo dõi,Tập mới nhất: 6.7,Bảy Năm Vẫn Ngoảnh Về Phương Bắc,https://www.fahasa.com/series-bay-nam-van-ngoanh-ve-phuong-bac.html
3784 lượt theo dõi,Tập mới nhất: 2,Bộ Địch Công Kỳ Án,https://www.fahasa.com/series-bo-dich-cong-ky-an.html
3891 lượt theo dõi,Tập mới nhất: 3,Tôi Là Thầy Tướng Số,https://www.fahasa.com/series-toi-la-thay-tuong-so.html
4099 lượt theo dõi,Tập mới nhất: 3,Thiếu Nữ & Chiến Xa,https://www.fahasa.com/series-thieu-nu-chien-xa.html
4007 lượt theo dõi,Tập mới nhất: 8,Đừng Để Lỡ Nhau,https://www.fahasa.com/series-dung-de-lo-nhau.html
4323 lượt theo dõi,Tập mới nhất: 9,NO.6,https://www.fahasa.com/series-no-6.html
3812 lượt theo dõi,Tập mới nhất: 3,Những Câu Chuyện Ngày Mưa,https://www.fahasa.com/series-nhung-cau-chuyen-ngay-mua.html
3795 lượt theo dõi,Tập mới nhất: 3,Nhà Thôi Miên Tà Ác,https://www.fahasa.com/series-nha-thoi-mien-ta-ac.html
3875 lượt theo dõi,Tập mới nhất: 3,Dị Chủng 3,https://www.fahasa.com/series-di-chung-3.html
3769 lượt theo dõi,Tập mới nhất: 3,Vùng Đất Chết,https://www.fahasa.com/series-vung-dat-chet.html
4321 lượt theo dõi,Tập mới nhất: 2,The Dungeon Seeker,https://www.fahasa.com/series-the-dungeon-seeker.html
3804 lượt theo dõi,Tập mới nhất: 2,"Trăm Năm Gắn Bó, Một Lời Hẹn Ước",https://www.fahasa.com/series-tram-nam-gan-bo-mot-loi-hen-uoc.html
3979 lượt theo dõi,Tập mới nhất: 3,Vật Chất Tối Của Ngài,https://www.fahasa.com/series-vat-chat-toi-cua-ngai.html
3892 lượt theo dõi,Tập mới nhất: 4,Ở Đây Sửa Kỷ Niệm Xưa,https://www.fahasa.com/series-o-day-sua-ky-niem-xua.html
3847 lượt theo dõi,Tập mới nhất: 4,Thiên Đường Tiền Xu,https://www.fahasa.com/series-thien-duong-tien-xu.html
4353 lượt theo dõi,Tập mới nhất: 4,Huyền Thoại Pháp Sư - 12 Chòm Sao,https://www.fahasa.com/series-vi-con-gai-toi-co-the-danh-bai-ca-ma-vuong.html
3778 lượt theo dõi,Tập mới nhất: 2,Con Gái Người Canh Giữ Giấc Mơ,https://www.fahasa.com/series-con-gai-nguoi-canh-giu-giac-mo.html
5717 lượt theo dõi,Tập mới nhất: 3,"Ngày Mai, Tôi Biến Mất, Cậu Sẽ Hồi Sinh",https://www.fahasa.com/series-ngay-mai-toi-bien-mat-cau-se-hoi-sinh.html
4196 lượt theo dõi,Tập mới nhất: 3,Khúc Nguyền Ca Của Thánh Kiếm Sĩ,https://www.fahasa.com/series-khuc-nguyen-ca-cua-thanh-kiem-si.html
3769 lượt theo dõi,Tập mới nhất: 2,Những Vệ Binh Vương Quốc,https://www.fahasa.com/series-nhung-ve-binh-vuong-quoc.html
3788 lượt theo dõi,Tập mới nhất: 2,Những Chú Chim Chưa Bao Giờ Được Hót,https://www.fahasa.com/series-nhung-chu-chim-chua-bao-gio-duoc-hot.html
3921 lượt theo dõi,Tập mới nhất: 3,Vật Linh Hội,https://www.fahasa.com/series-vat-linh-hoi.html
4402 lượt theo dõi,Tập mới nhất: 2,AMAGI Công Viên Rực Rỡ,https://www.fahasa.com/series-amagi-cong-vien-ruc-ro.html
3977 lượt theo dõi,Tập mới nhất: 2,Khách Sạn Yêu Quái Ở Izumo,https://www.fahasa.com/series-khach-san-yeu-quai-o-izumo.html
3835 lượt theo dõi,Tập mới nhất: 2,Giới Siêu Giàu Châu Á,https://www.fahasa.com/series-gioi-sieu-giau-chau-a.html
3892 lượt theo dõi,Tập mới nhất: 2,1Q84,https://www.fahasa.com/series-1q84.html
3781 lượt theo dõi,Tập mới nhất: 3,Đội Vệ Binh Biển Cả,https://www.fahasa.com/series-doi-ve-binh-bien-ca.html
4202 lượt theo dõi,Tập mới nhất: 4c,Móng Vuốt Quạ Đen,https://www.fahasa.com/series-mong-vuot-qua-den.html
4463 lượt theo dõi,Tập mới nhất: 3,Kỵ Sĩ Rồng Bất Bại,https://www.fahasa.com/series-ky-si-rong-bat-bai.html
3763 lượt theo dõi,Tập mới nhất: 2,Thiên Nhân Học Cổ Đại - Trích Thiên Tủy,https://www.fahasa.com/series-thien-nhan-hoc-co-dai-trich-thien-tuy.html
0 lượt theo dõi,Tập mới nhất: 3,Bổn Cũ Soạn Lại,https://www.fahasa.com/series-bon-cu-soan-lai.html
4561 lượt theo dõi,Tập mới nhất: 3,Muôn Kiếp Nhân Sinh,https://www.fahasa.com/series-muon-kiep-nhan-sinh.html
3765 lượt theo dõi,Tập mới nhất: 2,Gia Định - Sài Gòn - Thành Phố Hồ Chí Minh: Dặm Dài Lịch Sử,https://www.fahasa.com/series-gia-dinh-sai-gon-thanh-pho-ho-chi-minh-dam-dai-lich-su.html
3768 lượt theo dõi,Tập mới nhất: 3,Lịch Sử Việt Nam Kể Bằng Thơ,https://www.fahasa.com/series-lich-su-viet-nam-ke-bang-tho.html
3763 lượt theo dõi,Tập mới nhất: 5,Our World American English Workbook With Audio CD,https://www.fahasa.com/series-our-world-american-english-workbook-with-audio-cd-395366.html
3855 lượt theo dõi,Tập mới nhất: 6,Gogo Loves English New Edition Workbook,https://www.fahasa.com/series-gogo-loves-english-new-edition-workbook.html
3770 lượt theo dõi,Tập mới nhất: 19,地縛少年 花子くん,https://www.fahasa.com/series-363499.html
3789 lượt theo dõi,Tập mới nhất: 4,Impact British English Workbook,https://www.fahasa.com/series-impact-british-english-workbook.html
3782 lượt theo dõi,Tập mới nhất: 4,21st Century Reading: Creative Thinking And Reading With TED Talks,https://www.fahasa.com/series-21st-century-reading-creative-thinking-and-reading-with-ted-talks-360761.html
3775 lượt theo dõi,Tập mới nhất: 4,となりのトトロ,https://www.fahasa.com/series-363405.html
3765 lượt theo dõi,Tập mới nhất: 5,Wings Of Fire: The Graphic Novel,https://www.fahasa.com/series-wings-of-fire-the-graphic-novel.html
3763 lượt theo dõi,Tập mới nhất: 2,Magic Time 2nd Edition Workbook,https://www.fahasa.com/series-magic-time-2nd-edition-workbook.html
3763 lượt theo dõi,Level mới nhất: 6,Wide Angle Student Book With Online Practice,https://www.fahasa.com/series-wide-angle-student-book-with-online-practice.html
3765 lượt theo dõi,Tập mới nhất: 4,Prima - Deutsch für Jugendliche - Bisherige Ausgabe - A2,https://www.fahasa.com/series-prima-deutsch-fur-jugendliche-bisherige-ausgabe-a2.html
4297 lượt theo dõi,Tập mới nhất: 9,I-learn Smart World,https://www.fahasa.com/series-i-learn-smart-world.html
3786 lượt theo dõi,Level mới nhất: 6,Guess What! Activity Book With Online Resources British English,https://www.fahasa.com/series-guess-what-activity-book-with-online-resources-british-english.html
3783 lượt theo dõi,Tập mới nhất: 3,My First Grammar Student Book 2nd Edition,https://www.fahasa.com/series-my-first-grammar-student-book-2nd-edition.html
3765 lượt theo dõi,Tập mới nhất: 3,Banana Fox: A Graphix Chapters Book,https://www.fahasa.com/series-banana-fox-a-graphix-chapters-book.html
3766 lượt theo dõi,Tập mới nhất: 6,English Time Workbook,https://www.fahasa.com/series-english-time-workbook.html
3867 lượt theo dõi,Tập mới nhất: 3,Le Nouveau Taxi!,https://www.fahasa.com/series-le-nouveau-taxi.html
